Direction,Context,n_pathways,min_padj,median_padj
Down,Late ART Early ATI,16,5.74920988804605e-12,5.619244287778099e-09
Up,Early ART During ART,16,7.303219852745908e-82,1.718757348020185e-22
